id;first_name;last_name;designation;notes;address_id
1;"Xz";"Wl";"Nevu";payment fault-tolerant Cambridgeshire;1
2;"Qxnlbt";"Czvhpxh";"Uolvia";Baby;2
3;"Bc";"Efc";"Xafc";3rd generation partnerships software;3
4;"Swh";"Ztk";"Btxpny";convergence;4
5;"Sbla";"Xu";"Hvrwc";incentivize Point;5
6;"Chruneq";"Tpxhhz";"Ftkf";strategize Investment Account Money Market Account;6
7;"Phtco";"Grwca";"Dgk";Baby bypass;7
8;"Sukz";"Iu";"Wqjwoce";Garden Music;8
9;"Xudass";"Jkeymd";"Wzaspy";SCSI parsing;9
10;"Nlnjs";"Drhqutu";"Xry";Intranet index interfaces;10
